Name,URL
Wingstop,https://www.ubereats.com/store/wingstop-408-g-st/-IdVeAYCWoKKF3hrhyqSMA?diningMode=DELIVERY
Panda Express,https://www.ubereats.com/store/panda-express-1491-west-covell-blvd/kcyWG5ueS4ySMlIbLYIQ8A?diningMode=DELIVERY
McDonald's®,https://www.ubereats.com/store/mcdonalds-4444-chiles-rd/-pfmPBk5RtihdWzdVtpJHQ?diningMode=DELIVERY
KFC,https://www.ubereats.com/store/kfc-1617-research-park-dr/FhFHPDj_RJ2asVKe0SUCTg?diningMode=DELIVERY
Taco Bell,https://www.ubereats.com/store/taco-bell-425-g-street/g-MxnG4rRHGcvAHogABY6w?diningMode=DELIVERY
Nick The Greek,https://www.ubereats.com/store/nick-the-greek-davis/ZSsOAbIjW5CyQD2GK3pIiA?diningMode=DELIVERY
Little Caesars,https://www.ubereats.com/store/little-caesars-1340-e-covell-blvd/B4jxqhY_WWmv4TPIrJQg6w?diningMode=DELIVERY
Chipotle Mexican Grill,https://www.ubereats.com/store/chipotle-mexican-grill-1460-east-main/riCK4wsyWtmIaqagFO6zeQ?diningMode=DELIVERY
Kathmandu Kitchen,https://www.ubereats.com/store/kathmandu-kitchen/L_jIgaFlR9yLqqf9ByICnQ?diningMode=DELIVERY
Jack in the Box,https://www.ubereats.com/store/jack-in-the-box-337-g-st/5wDOahmqTgmYvrHS9i46OA?diningMode=DELIVERY
Burger King,https://www.ubereats.com/store/burger-king-2026-lyndell-ter/GKCeHuv6RG-YzZbgTJ68LA?diningMode=DELIVERY
Black Bear Diner,https://www.ubereats.com/store/black-bear-diner-255-second-street/_KK0zie3RFWUIpFi8kOeqA?diningMode=DELIVERY
Blaze Pizza,https://www.ubereats.com/store/blaze-pizza-212-f-street/cVcZGujdQWGQGxJy_HZDsA?diningMode=DELIVERY
Wayback Burgers,https://www.ubereats.com/store/wayback-burgers-1351-w-covell-blvd/4xS4nrutVi6HXa2tQHzMdA?diningMode=DELIVERY
Insomnia Cookies,https://www.ubereats.com/store/insomnia-cookies-202-e-street/tKEZBYfKXLqxv6_DPhV8nQ?diningMode=DELIVERY
DAVIS SUSHI RESTAURANT,https://www.ubereats.com/store/davis-sushi-restaurant/Sg2tZke8QQ2BHeEfr3VLhA?diningMode=DELIVERY
Honey D Cafe,https://www.ubereats.com/store/honey-d-cafe/xm3DkVg6X-asAjql5u74SA?diningMode=DELIVERY
Pho King 4,https://www.ubereats.com/store/pho-king-4-davis/tzDbA06lUw6EJEkSNNuGZg?diningMode=DELIVERY
Mr. Pickle's Sandwich Shop,https://www.ubereats.com/store/mr-pickles-sandwich-shop-davis/uYy7_lKcUjmkE3ayg6gq0w?diningMode=DELIVERY
Habit Burger & Grill,https://www.ubereats.com/store/habit-burger-%26-grill-1368-e-main-st/4OMFMTTFR-2wOhQCdOV3JQ?diningMode=DELIVERY
I Love Sushi,https://www.ubereats.com/store/i-love-sushi/1RkONuwxXtCrdy4Qr5AjcA?diningMode=DELIVERY
Popeyes,https://www.ubereats.com/store/popeyes-1500-w-el-camino-ave/GpafLavQTge8jspu2LzZsw?diningMode=DELIVERY
Well Season,https://www.ubereats.com/store/well-season/s9-5ua-4T2a_7bol1zh59w?diningMode=DELIVERY
Fire Wings,https://www.ubereats.com/store/fire-wings-davis/Dn3gowboRUyicvXy6mjPYQ?diningMode=DELIVERY
Pho Tasty,https://www.ubereats.com/store/pho-tasty-davis/v_EX5t1MW9WD2a0G-5NgZQ?diningMode=DELIVERY
Preethi Indian Cuisine,https://www.ubereats.com/store/preethi-indian-cuisine/xPjlQ0mjTBuHR3Uel-t0lA?diningMode=DELIVERY
Pizza Guys,https://www.ubereats.com/store/pizza-guys-davis/l4lcdceMQF6iUSWZiJPlfg?diningMode=DELIVERY
Woodstock's Pizza,https://www.ubereats.com/store/woodstocks-pizza-davis/HANgeSMsQNOhKEKuv7uEdg?diningMode=DELIVERY
Shah's Halal Food,https://www.ubereats.com/store/shahs-halal-food/CtLTImY2Wm6BEqumR91eMQ?diningMode=DELIVERY
T-kumi Ramen & Rice Bowl,https://www.ubereats.com/store/t-kumi-ramen-%26-rice-bowl/G7jnzLeyRAuc0-3_kbjPvw?diningMode=DELIVERY
Bombay Bar & Grill,https://www.ubereats.com/store/bombay-bar-%26-grill/cCWxsN5oSlG89oCe30Ms6w?diningMode=DELIVERY
Shake Shack,https://www.ubereats.com/store/shake-shack-ice-blocks/lgcj1NezSoyoTi1VeMUt4g?diningMode=DELIVERY
Papa Johns Pizza,https://www.ubereats.com/store/papa-johns-pizza-2580-arena-blvd-b120natomas-landing-shopping-ctr/s0MrZp9_Rf6SeunFoVBh5Q?diningMode=DELIVERY
Red 88 Noodle Bar,https://www.ubereats.com/store/red-88-noodle-bar/LhZqHHqBT4e-JoroQRcAPQ?diningMode=DELIVERY
Safeway,https://www.ubereats.com/store/safeway-2121-cowell-blvd/1u7dTV9MXhSiqw_Ftm73nw?diningMode=DELIVERY
Ume Tea,https://www.ubereats.com/store/ume-tea-davis/06nU8WjLUjaq2cRAI4fwuQ?diningMode=DELIVERY
Golden Dragon Chinese Restaurant,https://www.ubereats.com/store/golden-dragon-chinese-restaurant-sacramento/pLaB4WwYQ8KDMZotZdCDzw?diningMode=DELIVERY
Hao Bao Dumplings K Street Store,https://www.ubereats.com/store/hao-bao-dumplings-k-street-store/ByfEanS5RFuUgpHNyr41Wg?diningMode=DELIVERY
Tuk Tuk Thai Street Food,https://www.ubereats.com/store/tuk-tuk-thai-street-food-freeport-blvd/oeAmkTVgXLGqqx5t3zkrIg?diningMode=DELIVERY
Buffalo Wild Wings,https://www.ubereats.com/store/buffalo-wild-wings-3600-n-freeway-blvd-ste-100/A0dtH8k_SZm0XamNBbS-AA?diningMode=DELIVERY
Carl's Jr.,https://www.ubereats.com/store/carls-jr-1701-cowell-blvd/-TsSBUPCRoiN2p6glmjxbg?diningMode=DELIVERY
Baskin-Robbins,https://www.ubereats.com/store/baskin-robbins-236-e-st/uZHejcKgRuG-itdXlRZOHQ?diningMode=DELIVERY
Pho Yummy,https://www.ubereats.com/store/pho-yummy-g-st/-5EKQY64VsSoS1F-7sfAVA?diningMode=DELIVERY
Sonic Drive-In,https://www.ubereats.com/store/sonic-drive-in-1580-e-main-st/oRuQ8KQZQgCr6_GHrQDU3g?diningMode=DELIVERY
Banzai Sushi,https://www.ubereats.com/store/banzai-sushi/YdetQTLkTwehGi1mapLviw?diningMode=DELIVERY
Wendy's,https://www.ubereats.com/store/wendys-2360-arena-blvd/TprJf1xoXISItu-94nIQSg?diningMode=DELIVERY
The Boiling Crab,https://www.ubereats.com/store/the-boiling-crab-k-st/CiZsMj7HSDq6ZqgQttYD0w?diningMode=DELIVERY
Jersey Mike's,https://www.ubereats.com/store/jersey-mikes-2000-e-main-st/yOba_zZmQkCthsKfm88ttg?diningMode=DELIVERY
Subway,https://www.ubereats.com/store/subway-1300-e-covell-blvd/tj4NJbxGRBCjYgWVqqRs4A?diningMode=DELIVERY
Mountain Mike's Pizza,https://www.ubereats.com/store/mountain-mikes-pizza-1411-w-covell-blvd-ste-111/_dpB7OXLT-eqgbpZObz52A?diningMode=DELIVERY
Taqueria Ay Jalisco,https://www.ubereats.com/store/taqueria-ay-jalisco/3GYsZOmJQwyKiL_qSlz8Ew?diningMode=DELIVERY
Chando's Tacos,https://www.ubereats.com/store/chandos-tacos-west-sac/_NrgmGLuQXiler6CYcY7pA?diningMode=DELIVERY
Bento Box,https://www.ubereats.com/store/bento-box-%7C-midtown/6K5-AX6bQ92nGkUdF2e23g?diningMode=DELIVERY
Applebee's,https://www.ubereats.com/store/applebees-woodland/2RCN3G07T8euICElya_5CA?diningMode=DELIVERY
Thai Basil Restaurant,https://www.ubereats.com/store/thai-basil-restaurant/x_jUdVTFSHaq1MJOyfewuA?diningMode=DELIVERY
Nami Sushi,https://www.ubereats.com/store/nami-sushi-5th-st/zlp4TYR2UsGiCyIitYIeww?diningMode=DELIVERY
Doggeros,https://www.ubereats.com/store/doggeros/WpW8SJoFW22nOjSXnHbvWw?diningMode=DELIVERY
Five Guys,https://www.ubereats.com/store/five-guys-768-ikea-ct-suite-120-ca-1559/6fhebs0VR0qt1t4484_pkA?diningMode=DELIVERY
L&L Hawaiian Barbecue,https://www.ubereats.com/store/l%26l-hawaiian-barbecue-1030-florin-rd/0SFpHi1ETNiDbot-yZwWaw?diningMode=DELIVERY
AGGIE LIQUORS,https://www.ubereats.com/store/aggie-liquors/odTUhPOYWDaRUJtkXJBahw?diningMode=DELIVERY
Jack's Urban Eats- Davis,https://www.ubereats.com/store/jacks-urban-eats-davis/bQ887ScfQQm_hrIuF0x_VQ?diningMode=DELIVERY
Orchid Thai Restaurant & Bar,https://www.ubereats.com/store/orchid-thai-restaurant-%26-bar/KiP1gm_9QHuY8wigMNwTVg?diningMode=DELIVERY
Teaspoon,https://www.ubereats.com/store/teaspoon-davis/fdMiOOfeVsuQO69KPDZn4Q?diningMode=DELIVERY
Anthony's Italian Cuisine,https://www.ubereats.com/store/anthonys-italian-cuisine/TrwYQTf2SouwBFNqg7lQ2g?diningMode=DELIVERY
Aloha Poke & Ramen,https://www.ubereats.com/store/aloha-poke-%26-ramen/KJKURy95Sjm8XMEecM0tKQ?diningMode=DELIVERY
Mendocino Farms,https://www.ubereats.com/store/mendocino-farms-midtown/-Sy2u2xlTlij5_LgyStU9w?diningMode=DELIVERY
Kiki's Chicken Place,https://www.ubereats.com/store/kikis-chicken-place-j-st/M85c1d1yTAufRpH5Ui3eUQ?diningMode=DELIVERY
Lazi Cow,https://www.ubereats.com/store/lazi-cow/C5hcVjAHTnOo4EQhbtE_xA?diningMode=DELIVERY
Arby's,https://www.ubereats.com/store/arbys-2238-arden-way/tQlwm8jLQBKc69c25N1B3Q?diningMode=DELIVERY
El Pollo Loco,https://www.ubereats.com/store/el-pollo-loco-8244-delta-shores-cir/hShAUzd6Qu2CG46NG2w0JQ?diningMode=DELIVERY
MAYA’S Authentic Mexican Food,https://www.ubereats.com/store/mayas-authentic-mexican-food-d-st/P9d66lQgUuuneaYdViqv8A?diningMode=DELIVERY
IHOP,https://www.ubereats.com/store/ihop-cowell-blvd/Dg1MaxjPTOGsKULxpvlzfA?diningMode=DELIVERY
Koshi Ramen Bar,https://www.ubereats.com/store/koshi-ramen-bar/zx9Xp78WSdi4NwabXZ58AA?diningMode=DELIVERY
Jack's Urban Eats,https://www.ubereats.com/store/jacks-urban-eats-midtown/ytOTqdmBSeW5GKAh878qwA?diningMode=DELIVERY
Panera,https://www.ubereats.com/store/panera-609-3rd-st/UeteFE04SHCC2Bn3dCn2hQ?diningMode=DELIVERY
Ono Hawaiian BBQ,https://www.ubereats.com/store/ono-hawaiian-bbq-3660-crocker-drive-suite-100/OU_QjiUYTECgGrPHDVISbA?diningMode=DELIVERY
Giovanni's Old World New York Pizzeria,https://www.ubereats.com/store/giovannis-old-world-new-york-pizzeria/RLb2GYlgS826GR2j_ZVkvQ?diningMode=DELIVERY
Ike’s Love & Sandwiches,https://www.ubereats.com/store/ikes-love-%26-sandwiches-davis/RqM_PZbIQs6VzbwVBFJQFQ?diningMode=DELIVERY
Petra Greek,https://www.ubereats.com/store/petra-greek/9nRrL3Y7R6Sb4LGwneDEwQ?diningMode=DELIVERY
Dos Coyotes Border Cafe,https://www.ubereats.com/store/dos-coyotes-border-cafe-natomas/LOy-J9WkSMuk6KtQtL-Vzg?diningMode=DELIVERY
Shanghai Garden,https://www.ubereats.com/store/shanghai-garden/zyEUd92rTNOdUNTpH6K6SA?diningMode=DELIVERY
Buffalo Wild Wings GO,https://www.ubereats.com/store/buffalo-wild-wings-go-1420-65th-st/Rm4gCqmJU0y1F2aQV6wYxQ?diningMode=DELIVERY
Sushi Hook,https://www.ubereats.com/store/sushi-hook/E9rKwMw3VqGchuPoT989sw?diningMode=DELIVERY
Pizza Hut,https://www.ubereats.com/store/pizza-hut-604-west-el-camino-ave/1sPq_tXkV2idLYavOJBplA?diningMode=DELIVERY
New Station Restaurant,https://www.ubereats.com/store/new-station-restaurant/eoLeqtzkSZmmNSLMTDJqbg?diningMode=DELIVERY
Dumpling & Tea House,https://www.ubereats.com/store/dumpling-%26-tea-house/gSYTmwPJQfSI-FiWu1LrUA?diningMode=DELIVERY
La Fiesta Taqueria,https://www.ubereats.com/store/la-fiesta-taqueria/iRTSJfMMS2GFtdJdpp1VUQ?diningMode=DELIVERY
Smashburger,https://www.ubereats.com/store/smashburger-1600-ethan-way/s0FCqDoFWjS4FgCVkOxuKg?diningMode=DELIVERY
Manchurian Indian Cuisine,https://www.ubereats.com/store/manchurian-indian-cuisine/IFMVoxF6TveBM_Bi_J3fiA?diningMode=DELIVERY
Red Robin Gourmet Burgers,https://www.ubereats.com/store/red-robin-gourmet-burgers-2031-bronze-star-dr/G5K8N3Q2SiCtJDN4cIWXzA?diningMode=DELIVERY
Sizzler,https://www.ubereats.com/store/sizzler-2901-advantage-way/wiaL_UsoQjOOHVWHTV0BpA?diningMode=DELIVERY
A-1 Mart Food & Liquor,https://www.ubereats.com/store/a-1-mart-food-%26-liquor/6VnRn4cERqe68Mq_pFFo0w?diningMode=DELIVERY
Firehouse Subs,https://www.ubereats.com/store/firehouse-subs-crocker-village-1660/zYKm2fyHTo6S9GYrjqBbGA?diningMode=DELIVERY
Delish Pizza,https://www.ubereats.com/store/delish-pizza/FAt0G7ebWx6H3BXc8Qd9Lg?diningMode=DELIVERY
Sawasdee Thai Cuisine,https://www.ubereats.com/store/sawasdee-thai-cuisine/YvzGrskaTNG-WqJqy52SEw?diningMode=DELIVERY
Calzone Life,https://www.ubereats.com/store/calzone-life-505-l-st/eejTpW2GScuOa-jznXqwzA?diningMode=DELIVERY
Kyoto Sushi Bar Grill & Ramen,https://www.ubereats.com/store/kyoto-sushi-bar-grill-%26-ramen/sFhk-aQMRguqXQzkTqIODA?diningMode=DELIVERY
Fixins Soul Kitchen,https://www.ubereats.com/store/fixins-soul-kitchen/biJINjMbX9qkVtRpFIkgKw?diningMode=DELIVERY
Thai Canteen,https://www.ubereats.com/store/thai-canteen/F2OZh9UwTUaiKU3BTQYxOw?diningMode=DELIVERY
Bros Liquor,https://www.ubereats.com/store/bros-liquor/ZCzkDrC-VaOdQp_pxvj20A?diningMode=DELIVERY
The Old Spaghetti Factory,https://www.ubereats.com/store/the-old-spaghetti-factory-sacramento-on-j-street/mJP8yi4HQoGPuWhA8T0mEA?diningMode=DELIVERY
Chita's,https://www.ubereats.com/store/chitas/H974vvg_TP2Bn-xj5GIPfQ?diningMode=DELIVERY
Dragon Palace Chinese Restaurant,https://www.ubereats.com/store/dragon-palace-chinese-restaurant-2300-northgate-blvd/UAzpVGJERw-kO_1HKnMy0A?diningMode=DELIVERY
7-Eleven,https://www.ubereats.com/store/7-eleven-525-l-st/L7vWISKDRYqKeWiWXcyzng?diningMode=DELIVERY
Buckhorn BBQ & Grill,https://www.ubereats.com/store/buckhorn-bbq-%26-grill-land-park/cifYGAOLXs66I52lz67e8w?diningMode=DELIVERY
Yaquis Cantina,https://www.ubereats.com/store/yaquis-cantina-main-st/0F8ZTgH7VGCafOyE8ux7bQ?diningMode=DELIVERY
It's Just Wings,https://www.ubereats.com/store/its-just-wings-3870-truxel-rd/3-p8hSSQVQOvmKx_fIUh5g?diningMode=DELIVERY
Vegan Deadly Sins,https://www.ubereats.com/store/vegan-deadly-sins/kU8Yff7sQ86CoG1POhnqmg?diningMode=DELIVERY
Ruchi Indian Cuisine,https://www.ubereats.com/store/ruchi-indian-cuisine/GRc8AYCSRgaCNGEgytfPHA?diningMode=DELIVERY
Denny's,https://www.ubereats.com/store/dennys-1568-e-main-st/wd2ph1JuT3-7bOcrd54SNQ?diningMode=DELIVERY
BJ's Restaurant & Brewhouse,https://www.ubereats.com/store/bjs-restaurant-%26-brewhouse-natomas-452/nDEzccoDS6qjOsdvGUH2Pw?diningMode=DELIVERY
Burgers and Brew,https://www.ubereats.com/store/burgers-and-brew/DVDjIWDhS8-XIRyZJt0A8Q?diningMode=DELIVERY
Desi Curry,https://www.ubereats.com/store/desi-curry/hAoLwdk4Wo6zbddvZ32Ehw?diningMode=DELIVERY
California Burrito,https://www.ubereats.com/store/california-burrito-west-sac/B4UAIzKcVzaF8zvJd1wz7w?diningMode=DELIVERY
Ramen 101,https://www.ubereats.com/store/ramen-101-midtown/ZXFcDlBKRriAUTRJTqtw6Q?diningMode=DELIVERY
Chili's Grill & Bar,https://www.ubereats.com/store/chilis-grill-%26-bar-3870-truxel-rd/p-cQPq0RWJKDb-KwRlDTAA?diningMode=DELIVERY
Burger Lounge,https://www.ubereats.com/store/burger-lounge-downtown-sacramento/PNxtYJEdQpWkwop03oNtkA?diningMode=DELIVERY
Tandoori Fire,https://www.ubereats.com/store/tandoori-fire-9th-st/t2k8aWk9U8W3Nvs-CfHy8A?diningMode=DELIVERY
Thai Spoon,https://www.ubereats.com/store/thai-spoon/N9e1yDQgV62PQ5ZzIWwRyQ?diningMode=DELIVERY
Saffron Mediterranean Kabob House,https://www.ubereats.com/store/saffron-mediterranean-kabob-house-main-st/f5-TfwjBXVm3dlLGtZZkdA?diningMode=DELIVERY
Pho Viet 2,https://www.ubereats.com/store/pho-viet-2/cS9P1E36TKiJ6hKyjHZ3kA?diningMode=DELIVERY
Laby's Chicken,https://www.ubereats.com/store/labys-chicken-1501-n-c-st/l_5Jp2IxXuyRCVK7hhXBjg?diningMode=DELIVERY
Teabo Cafe,https://www.ubereats.com/store/teabo-cafe/ElLeiZ0LRFqOLLbvp_FB6w?diningMode=DELIVERY
Sushi Elite,https://www.ubereats.com/store/sushi-elite/MzW3U2l0QeG-w0vH4ANXpQ?diningMode=DELIVERY
The Original Mels,https://www.ubereats.com/store/the-original-mels-2057-arena-blvd-sacramento/SjOk55rCRWyU-DrtQ-UVuw?diningMode=DELIVERY
3 Hermanas,https://www.ubereats.com/store/3-hermanas/s75LJg_2V6eIcZYd7NN1aA?diningMode=DELIVERY
La Venadita,https://www.ubereats.com/store/la-venadita/uzRTxAzgQQWrcvjQQ2an5g?diningMode=DELIVERY
Slo Roast,https://www.ubereats.com/store/slo-roast-3531-n-freeway-blvd/hiD_lopVVCqu7iAMlrhuww?diningMode=DELIVERY
Sushi Cafe,https://www.ubereats.com/store/sushi-cafe/uOWXYL97S22Enz7Ejs2O3g?diningMode=DELIVERY
The Meltdown,https://www.ubereats.com/store/the-meltdown-1568-e-main-st/up_ema_vXOi220wZugUx8A?diningMode=DELIVERY
Caribbean Fire Grill,https://www.ubereats.com/store/caribbean-fire-grill-1501-n-c-st/UW6Fcb2YWQ2OzI0wQ1XLHQ?diningMode=DELIVERY
Firehouse Crawfish,https://www.ubereats.com/store/firehouse-crawfish-%40-daikon-korean-bbq/MqGfzpCbULChlkbpPl04gg?diningMode=DELIVERY
El Favorito Taqueria,https://www.ubereats.com/store/el-favorito-taqueria-del-paso-rd/vpjZb7vFRv-GDSR1mEAkfg?diningMode=DELIVERY
Del Taco,https://www.ubereats.com/store/del-taco-841-harbor-blvd-%7C-922/TPU3OnIwQ5uTlrgYK5KTkQ?diningMode=DELIVERY
Frank Fat's,https://www.ubereats.com/store/frank-fats/Wg--6-w7TPGSD70uTK-3Hg?diningMode=DELIVERY
Crumbl,https://www.ubereats.com/store/crumbl-woodland/X7hcQwnzW1qEqqh_GqjIHg?diningMode=DELIVERY
Luigi's Pizza Parlor,https://www.ubereats.com/store/luigis-pizza-parlor/SVNwBb0cQ6CjHO8RmeKAsw?diningMode=DELIVERY
Marco's Pizza,https://www.ubereats.com/store/marcos-pizza-2230-lake-washington-boulevard-130/Y4WtrcouTw2Id9bvVNVsOA?diningMode=DELIVERY
Journey to the Dumpling,https://www.ubereats.com/store/journey-to-the-dumpling-midtown/l4FfEtpDXSSlEMwRuFNCFg?diningMode=DELIVERY
Capitol Gyros,https://www.ubereats.com/store/capitol-gyros/nIMfWb9sXTi7dcXgmrS6jg?diningMode=DELIVERY
Midtown Taqueria,https://www.ubereats.com/store/midtown-taqueria/m9EpA-ojSaqtRZC27UdlWw?diningMode=DELIVERY
GK Mongolian BBQ,https://www.ubereats.com/store/gk-mongolian-bbq-florin/vWwJEqsVWW-EGHlE_dsT4w?diningMode=DELIVERY
Yi Long Dumpling,https://www.ubereats.com/store/yi-long-dumpling/syJfI8GjVxeoLLgnds0yxw?diningMode=DELIVERY
Raku Sushi,https://www.ubereats.com/store/raku-sushi-west-sacramento/L8_gU0DkRBmn6_0DpGcusA?diningMode=DELIVERY
Just Wing It.,https://www.ubereats.com/store/just-wing-it-1501-north-c-street/-IVAP-SwVCm2GOiFXFfs_Q?diningMode=DELIVERY
Spring Garden Restaurant,https://www.ubereats.com/store/spring-garden-restaurant/3fQoJEGwUwGg4d8117UVTQ?diningMode=DELIVERY
Nation's Giant Hamburgers,https://www.ubereats.com/store/nations-giant-hamburgers-natomas/l0PQCAyzQ8iMmigRzGP1eQ?diningMode=DELIVERY
Iguana's Mexican Grill,https://www.ubereats.com/store/iguanas-mexican-grill-gibson-rd/pwoNDEs7XKWwjfmIS_p6Vw?diningMode=DELIVERY
Iron Horse Tavern,https://www.ubereats.com/store/iron-horse-tavern/9hPQ-03UTTWbcewtIKCbIA?diningMode=DELIVERY
Teriyaki Madness,https://www.ubereats.com/store/teriyaki-madness-289-3rd-street/c04oloRZVXeOcu11P7BBfQ?diningMode=DELIVERY
Pupusa Central,https://www.ubereats.com/store/pupusa-central-northgate-blvd/mBidNpj2UImDrTy6L5gw7A?diningMode=DELIVERY
Beach Hut Deli,https://www.ubereats.com/store/beach-hut-deli-k-st/4CFj32OeV32nfn-4_LcpJw?diningMode=DELIVERY
Il Fornaio,https://www.ubereats.com/store/il-fornaio-sacramento/RmXXOKYqT6K6FOfx6P-Z1Q?diningMode=DELIVERY
Domino's,https://www.ubereats.com/store/dominos-658-g-st/r1BFyd4kXdKdWa_fna5IHA?diningMode=DELIVERY
Caballo Blanco Restaurante,https://www.ubereats.com/store/caballo-blanco-restaurante/BcQXCqZeRBWeknrlvPmk_Q?diningMode=DELIVERY
MOD Pizza,https://www.ubereats.com/store/mod-pizza-woodland/V2mw_UGDRXu43DKOTteGSQ?diningMode=DELIVERY
Ju Hachi Japanese Cuisine,https://www.ubereats.com/store/ju-hachi-japanese-cuisine/MMt_Lj1pT92E8fGHOwvcgw?diningMode=DELIVERY
Ben's Fast Food,https://www.ubereats.com/store/bens-fast-food-sacramento/vE8UzoZIVcCz9WmzGdGoqg?diningMode=DELIVERY
Round Table Pizza,https://www.ubereats.com/store/round-table-pizza-4551-2nd-st-101/AkK-M9tYXkK7xBV8YM6KnQ?diningMode=DELIVERY
burger Hub,https://www.ubereats.com/store/burger-hub/6ONF47GMVyaT6P_GnXsu0w?diningMode=DELIVERY
Cold Stone Creamery,https://www.ubereats.com/store/cold-stone-creamery-2115-bronze-star-drive/OOe8EUv1VhOad0cCIXliQQ?diningMode=DELIVERY
Maydoon Restaurant,https://www.ubereats.com/store/maydoon-restaurant/aKufL-vZSFKu1Ip8XmygkA?diningMode=DELIVERY
Delhi Oven,https://www.ubereats.com/store/delhi-oven/wuF7wscZRDqbW62lCHUT5w?diningMode=DELIVERY
Viet Ha Noodles & Grill,https://www.ubereats.com/store/viet-ha-noodles-%26-grill-broadway/jTXUZQDwWkurgEnmhTi8rQ?diningMode=DELIVERY
Mr. Crab,https://www.ubereats.com/store/mr-crab/EqwJR74vWUC6m8JqTPbUuw?diningMode=DELIVERY
T4,https://www.ubereats.com/store/t4-tea-4-u/is5ud_dJQQyb_LLtlVrzQg?diningMode=DELIVERY
Azukar Sushi,https://www.ubereats.com/store/azukar-sushi-w-el-camino-ave/Zrs99LM4XXCYMgEXYRPhnA?diningMode=DELIVERY
Bibi's Enchiladas and Grill,https://www.ubereats.com/store/bibis-enchiladas-and-grill-sutterville-rd/0B2BE_hNVDOdRGi77V9A0A?diningMode=DELIVERY
Oishii Teriyaki #1,https://www.ubereats.com/store/oishii-teriyaki-1-lake-road/30ZwweylRkaYYg1tSCViAg?diningMode=DELIVERY
CVS,https://www.ubereats.com/store/cvs-1550-east-covell-boulevard/VMYD82PHVfORtBctZ5rAfQ?diningMode=DELIVERY
Barwest Midtown,https://www.ubereats.com/store/barwest-midtown-2724-j-st/6NuoAcbFTJuPLIsCj_epfQ?diningMode=DELIVERY
Bangkok City Thai Cuisine,https://www.ubereats.com/store/bangkok-city-thai-cuisine/-MsaoQDqQzKRy6NuspxiUg?diningMode=DELIVERY
Chada Thai,https://www.ubereats.com/store/chada-thai/I_1K3ZC7TR67QrUkU9woUg?diningMode=DELIVERY
Mas Taco Bar,https://www.ubereats.com/store/mas-taco-bar-midtown/rFt_utqhRV61JgXndy6p2Q?diningMode=DELIVERY
Public House Downtown,https://www.ubereats.com/store/public-house-downtown/JAIT5iNnQGagZzV-J_vKfA?diningMode=DELIVERY
Little Cafe,https://www.ubereats.com/store/little-cafe-rush-river/pGMi9LZAWBSeyzxjvkUAWA?diningMode=DELIVERY
Total Wine & More,https://www.ubereats.com/store/total-wine-%26-more-arden/1FgYTkUeV9yADTNW-koRFw?diningMode=DELIVERY
Bangkok at 12 Thai Restaurant,https://www.ubereats.com/store/bangkok-at-12-thai-restaurant-12th-st/sPTKwW8RUgOFrICD1CSX1A?diningMode=DELIVERY
Donatos Pizza,https://www.ubereats.com/store/donatos-pizza-2031-bronze-star-dr/m8sefhu1Qc2FBph0EZMIVA?diningMode=DELIVERY
Koja Kitchen,https://www.ubereats.com/store/koja-kitchen-sacramento/mwc-hhbETBG_PIks3kQicw?diningMode=DELIVERY
Laredo Taco Company,https://www.ubereats.com/store/laredo-taco-company-1670-e-main-st/SfFAEApbWjWrwcIinBd9-g?diningMode=DELIVERY
Starbucks,https://www.ubereats.com/store/starbucks-hwy-113-%26-covell-davis/yAOVWs2xTSm87HoZyaX7VA?diningMode=DELIVERY
Chevys,https://www.ubereats.com/store/chevys-1369-garden-highway/WMSz_IcnRTKvCKYW8nwDyg?diningMode=DELIVERY
Max Taste,https://www.ubereats.com/store/max-taste-lahorian-grill-halal/8xOsfTZeWYisvm5YiGLdbQ?diningMode=DELIVERY
Plant Power Fast Food,https://www.ubereats.com/store/plant-power-fast-food-sacramento/kVI3fVQ7Suqqvc1ztX2c3Q?diningMode=DELIVERY
Burger Patch,https://www.ubereats.com/store/burger-patch-midtown/l_XHF3snTHaCfQFa4iw1ow?diningMode=DELIVERY
T4 Davis,https://www.ubereats.com/store/t4-davis/WPRn0wVjXwSex7X9KozeBA?diningMode=DELIVERY
Jamba Juice,https://www.ubereats.com/store/jamba-juice-1361-w-covell-blvd-115/0lh9SJxoSiWyrPJEyI0S6g?diningMode=DELIVERY
Roberta's Cocina Mexicana,https://www.ubereats.com/store/robertas-cocina-mexicana/qtZ38ZRWS4O0h2sJqpfJ1g?diningMode=DELIVERY
New York Pizza & Plus,https://www.ubereats.com/store/new-york-pizza-%26-plus/n0QtX5yHQ7qlmzhUlMfPgA?diningMode=DELIVERY
Bober Tea & Coffee,https://www.ubereats.com/store/bober-tea-%26-coffee-midtown/zRdqLgrHSJKUzTnjD5fIMg?diningMode=DELIVERY
"Stirred, Not Shaken",https://www.ubereats.com/store/stirred-not-shaken-midtown/8SAbNkdjUB-7taL-4qFSSA?diningMode=DELIVERY
El Burrito Taqueria,https://www.ubereats.com/store/el-burrito-taqueria-natomas/s4mpa-GdSI-nPiI5ZJQEzQ?diningMode=DELIVERY
Joe's Crab Shack,https://www.ubereats.com/store/joes-crab-shack-1210-front-st/oATWRwdBRuiH6kGGfRVedg?diningMode=DELIVERY
Lotus Fusion,https://www.ubereats.com/store/lotus-fusion/GyBPSsPxR5W_5AGN-Ls0Sg?diningMode=DELIVERY
Chang's Chinese Cuisine,https://www.ubereats.com/store/changs-chinese-cuisine-del-paso-road/AcfJx8q-UPeNGF6710yqog?diningMode=DELIVERY
Asian n' Cajun,https://www.ubereats.com/store/asian-n-cajun/yNhP6xe6QdGYdo_WaGQYVg?diningMode=DELIVERY
Pizza Twist,https://www.ubereats.com/store/pizza-twist-3511-del-paso-rd/l9o4ACyyU-2Bp79GINQEDw?diningMode=DELIVERY
Wienerschnitzel,https://www.ubereats.com/store/wienerschnitzel-103-west-main-street/taEK1Jt_WnKyj-r-3iLyug?diningMode=DELIVERY
i Shanghai Delight,https://www.ubereats.com/store/i-shanghai-delight-sacramento/-mFOuiP2XCuqULQwMDK_4g?diningMode=DELIVERY
Morton's The Steakhouse,https://www.ubereats.com/store/mortons-the-steakhouse-621-capitol-mall/1cmpkyyDSVOCDBJzL3gBlQ?diningMode=DELIVERY
Miso Japanese Cuisine,https://www.ubereats.com/store/miso-japanese-cuisine/w_9mLuBQSECnpRZcfkrsww?diningMode=DELIVERY
Hawaiian Poke,https://www.ubereats.com/store/hawaiian-poke/hS5goCUOQh2FR-2qToxMRA?diningMode=DELIVERY
Jimboy's Tacos,https://www.ubereats.com/store/jimboys-tacos-woodland/y9RtP_mTW5G87yWSPbf7JQ?diningMode=DELIVERY
Tacoa Tacos Y Tequila,https://www.ubereats.com/store/tacoa-tacos-y-tequila-6350-folsom-blvd/EF0jmH1HX7adwuTiiAuo_A?diningMode=DELIVERY
MOD Fresh,https://www.ubereats.com/store/mod-fresh-woodland/Dcw3XqfyUhWK-XsIP4o85w?diningMode=DELIVERY
Sizzling Fresh Mongolian BBQ,https://www.ubereats.com/store/sizzling-fresh-mongolian-bbq-truxel-rd/IHOn4fKuUaOoUu3kWwleiw?diningMode=DELIVERY
11:11 Sabores del Pueblo,https://www.ubereats.com/store/11%3A11-sabores-del-pueblo-main-st/Z64F-YBNUPSBsvyFtmtzKw?diningMode=DELIVERY
La Estrellita Meat Market,https://www.ubereats.com/store/la-estrellita-meat-market-sacramento-ave/ljHjNBdgWAa0fi3A9QvjHw?diningMode=DELIVERY
T% midtown,https://www.ubereats.com/store/t-midtown/1So0rhUiQzmvRDzad2AYhg?diningMode=DELIVERY
Casa Jalisco,https://www.ubereats.com/store/casa-jalisco-woodland/50Tzhn3jXJuyjsWpcyoVPA?diningMode=DELIVERY
BevMo!,https://www.ubereats.com/store/bevmo!-1700-j-street/st7kO0QoQRyWONEzmzvX5A?diningMode=DELIVERY
E Ka Tea,https://www.ubereats.com/store/e-ka-tea/KGFbvpNITXeGEUyhGanFTA?diningMode=DELIVERY
TOGO'S,https://www.ubereats.com/store/togos-1411-w-covell-blvd-ste-105/a6hB4h8mTcmdJAA0IcQwiQ?diningMode=DELIVERY
Sacramento Natural Foods Co-Op,https://www.ubereats.com/store/sacramento-natural-foods-co-op/vmvvRDF-ShC-Hs9YqWe_2g?diningMode=DELIVERY
Pressed Acai Bowls,https://www.ubereats.com/store/pressed-acai-bowls-1710-r-street/VlJ6g266RJ-_LlZsZc_1VQ?diningMode=DELIVERY
Pinkberry,https://www.ubereats.com/store/pinkberry-1716-15th-street/OBuiYqydVV6SVt1c7EQBJA?diningMode=DELIVERY
The Burger Den,https://www.ubereats.com/store/the-burger-den-1568-e-main-st/pENQ0N4CRt-iDAa-gnUbBg?diningMode=DELIVERY
Saucey,https://www.ubereats.com/store/saucey-2703-24th-st/5n1FFZI7VY6pYssnWyx3YQ?diningMode=DELIVERY
Chicken 'n' Waffles,https://www.ubereats.com/store/chicken-n-waffles/F8TNHxR6RJ2fwM2s3ALasA?diningMode=DELIVERY
Giant Pizza,https://www.ubereats.com/store/giant-pizza/lnYSMhWmSHiwkwaysTu2fQ?diningMode=DELIVERY
Taqueria Zapotlanejo,https://www.ubereats.com/store/taqueria-zapotlanejo-norwood-ave/kPx_oA63UlOD3ojMtPHUBw?diningMode=DELIVERY
Foundation Restaurant & Bar,https://www.ubereats.com/store/foundation-restaurant-%26-bar-400-l-st/_7duO0UlQlSsguHxXwqZlg?diningMode=DELIVERY
Menchie's,https://www.ubereats.com/store/menchies-market-west/4UfufGPvUJ6OoC1PUaclZQ?diningMode=DELIVERY
Morning Seafood Catch,https://www.ubereats.com/store/morning-seafood-catch-6-w-court-st/x3ycwvE9ToiGPvo-OwWaNg?diningMode=DELIVERY
Raise The Roost,https://www.ubereats.com/store/raise-the-roost-1670-e-main-st/-pZ67y4XWZ6nXjziiOWMFg?diningMode=DELIVERY
Yogurtagogo,https://www.ubereats.com/store/yogurtagogo/E2hBtaG8RqKqwPEBjjjPTA?diningMode=DELIVERY
Panaderia Los Arcos,https://www.ubereats.com/store/panaderia-los-arcos/2lPVyvRXTkSUZ5qp77yp4g?diningMode=DELIVERY
T & R Taste Of Texas Barbeque,https://www.ubereats.com/store/t-%26-r-taste-of-texas-barbeque/3CGJBA-hSzWOWaXCyUJ6CA?diningMode=DELIVERY
Las Milpas Taqueria,https://www.ubereats.com/store/las-milpas-taqueria/CtkgrAw9S6KBHee186-VjA?diningMode=DELIVERY
Halal Fried Chicken,https://www.ubereats.com/store/halal-fried-chicken-n-freeway-blvd/DdzbUUuYU8GrsC7NeHgjDg?diningMode=DELIVERY
Deluna Dessert Cafe,https://www.ubereats.com/store/deluna-dessert-cafe/LGOYvbcQS7K8OxMI2mKLGQ?diningMode=DELIVERY
Macau Cafe,https://www.ubereats.com/store/macau-cafe/dT2iqr9_TvqLN0PXTRt17w?diningMode=DELIVERY
Sac City Pizza,https://www.ubereats.com/store/sac-city-pizza-freeport-blvd/sm7XNe4xV-KIxxKpKoMU8A?diningMode=DELIVERY
Falafel Corner,https://www.ubereats.com/store/falafel-corner/kPoCtrejRJSHtH7NRYxSlw?diningMode=DELIVERY
Wild Burger,https://www.ubereats.com/store/wild-burger-3600-n-freeway-blvd/dcLdUo6bQyyUpPYXKU0n1g?diningMode=DELIVERY
Mother Restaurant,https://www.ubereats.com/store/mother-restaurant/5-6PTh05XOKZFhs20xqNwg?diningMode=DELIVERY
Pita Pit,https://www.ubereats.com/store/pita-pit-1420-65th-st-unit-105/xlYuwXYNSKqtqHCe7_KrJA?diningMode=DELIVERY
Capitol City Subs,https://www.ubereats.com/store/capitol-city-subs/cyAQCIXzV1WtM70laGfWmQ?diningMode=DELIVERY
The Ice Cream Shop,https://www.ubereats.com/store/the-ice-cream-shop-400-mace-blvd/gkZJJaY4XV6M_4tOp6Yfdw?diningMode=DELIVERY
Indian Flavour,https://www.ubereats.com/store/indian-flavour-columbus-2928-north-high-street/WBkGS1OuVjGAQKA394Gm0Q?diningMode=DELIVERY
The Home Depot,https://www.ubereats.com/store/the-home-depot-1860-e-main-street/hRnEpCraWNW1h_kjZFDYEw?diningMode=DELIVERY
ampm,https://www.ubereats.com/store/ampm-450-county-rd-102/eQi5u-hkR-KotyExuuzyGg?diningMode=DELIVERY
Speedway,https://www.ubereats.com/store/speedway/fVVIsZnzVN-MFgzMsqab_Q?diningMode=DELIVERY
Chang's Thai Cuisine,https://www.ubereats.com/store/changs-thai-cuisine-n-freeway-blvd/_0I5lbK0U52hHZiA40mvaw?diningMode=DELIVERY
524 Mexican Restaurant Northgate Blvd,https://www.ubereats.com/store/524-mexican-restaurant-northgate-blvd/wV9q9Qw4RaWUIhOVAFnV4w?diningMode=DELIVERY
Mixx Market 57,https://www.ubereats.com/store/mixx-market-57-ikea-shell/ZdnHSbikU-C1YlAkz2zqzA?diningMode=DELIVERY
Lowe's,https://www.ubereats.com/store/lowes-2250-lake-washington-blvd/_ogR_pStXzqW7V0AEO2bPA?diningMode=DELIVERY
Fire Biryani,https://www.ubereats.com/store/fire-biryani/tZK4PeTaVQC6NwHbmEtC2A?diningMode=DELIVERY
Mexican Omelette Bar,https://www.ubereats.com/store/mexican-omelette-bar/vx7aebPPR8i2AVGJ0BqyeA?diningMode=DELIVERY
Kupros Craft House,https://www.ubereats.com/store/kupros-craft-house/2OCiR925QzKwmxJ1cf3h5w?diningMode=DELIVERY
Papa Murphy's,https://www.ubereats.com/store/papa-murphys-13-purity-plaza/gKHYAYEPTx-C2mNg1fhcaA?diningMode=DELIVERY
Trailer Birds Hot Chicken CA-3820,https://www.ubereats.com/store/trailer-birds-hot-chicken-ca-3820-4630-natomas-boulevard-suite-130/K26KWPfuXqOkv4Wf9aHIdw?diningMode=DELIVERY
Chevron Extramile,https://www.ubereats.com/store/chevron-extramile-2020-e-main-st/GoXZWnJ0VW26rezXL2oBFw?diningMode=DELIVERY
REBEL Convenience Stores,https://www.ubereats.com/store/rebel-convenience-stores-25045-blue-ravine-road/YaBOdUo8SViur_013xxa4g?diningMode=DELIVERY
ProFlowers,https://www.ubereats.com/store/proflowers-1431-w-covell-blvd/1sl2T9ePV56CqsZE9UMJUA?diningMode=DELIVERY
La Bou Bakery & Cafe,https://www.ubereats.com/store/la-bou-bakery-%26-cafe-o-st/XtemzpAWVgafI-O3fT7LVg?diningMode=DELIVERY
Skip's Fish & Chicken,https://www.ubereats.com/store/skips-fish-%26-chicken-truxel/CEIMEIkcXp-vvN4m9zKIgQ?diningMode=DELIVERY
Sally’s Restaurant and Grill,https://www.ubereats.com/store/sallys-restaurant-and-grill/u4uNjd7_WCKxLBS5F-oU_A?diningMode=DELIVERY
Uniboil,https://www.ubereats.com/store/uniboil-davis/z3rbWRvCQzqulVTF965yFQ?diningMode=DELIVERY
Rocky Mountain Chocolate Factory of Old Sacramento,https://www.ubereats.com/store/rocky-mountain-chocolate-factory-of-old-sacramento/fpu70_e9XRSuBKYIe3vgfA?diningMode=DELIVERY
The Original House of Soul,https://www.ubereats.com/store/the-original-house-of-soul/khDpmpR5RFWsEDEVBCX32w?diningMode=DELIVERY
Golden Dragon Restaurant,https://www.ubereats.com/store/golden-dragon-restaurant/4WBqkqn9QNer5h2-_ipPVw?diningMode=DELIVERY
Pooja Indian Grill,https://www.ubereats.com/store/pooja-indian-grill/cDRthb22Q5KYtPY9g7aG-w?diningMode=DELIVERY
Cafeteria 15L,https://www.ubereats.com/store/cafeteria-15l/1v1ralPxSl6FDJYTAFhaUQ?diningMode=DELIVERY
The Chicken Hawkers,https://www.ubereats.com/store/the-chicken-hawkers/IugZZkNaTR6HjFoFZ8WIoA?diningMode=DELIVERY
Chickpeas Kitchen,https://www.ubereats.com/store/chickpeas-kitchen-davis/2q4tVdC1QFKhdfY14m6Fhg?diningMode=DELIVERY
Mediterranean Flavors,https://www.ubereats.com/store/mediterranean-flavors-3025-w-capitol-ave/SpkJbeBLRiS2DnrfOw8KrA?diningMode=DELIVERY
Vampire Penguin Sacramento,https://www.ubereats.com/store/vampire-penguin-sacramento/BfUoRPRhQZGemlijwuyH0g?diningMode=DELIVERY
Teriyaki Maki,https://www.ubereats.com/store/teriyaki-maki/KmxskWexR_GjU2qpfET4gw?diningMode=DELIVERY
"Orchid Wings, Beer & Wine",https://www.ubereats.com/store/orchid-wings-beer-%26-wine/o3zZdVPCRtC4m3jmp_1nvQ?diningMode=DELIVERY
El Sabor De Mi Tierra Colombian & Mexican Food,https://www.ubereats.com/store/el-sabor-de-mi-tierra-colombian-%26-mexican-food/aNDtNBIYVumDTu-bYhSsSA?diningMode=DELIVERY
Mother Cluckin' Wings,https://www.ubereats.com/store/mother-cluckin-wings/FmgZmxuSRXehEa92JjcHUg?diningMode=DELIVERY
Mini Alpha Burger,https://www.ubereats.com/store/mini-alpha-burger/sif-qekyTcSLVpAeqgguoQ?diningMode=DELIVERY
Chester chicken,https://www.ubereats.com/store/chester-chicken/w6ovWnADRGmHpOIoP00IWA?diningMode=DELIVERY
Mamma,https://www.ubereats.com/store/mamma-f-st/W5ogT9aMXuKXarg7IvVNPQ?diningMode=DELIVERY
Taco Tuesdays,https://www.ubereats.com/store/taco-tuesdays/h2dT_lClRyuKeCN7lG_l3w?diningMode=DELIVERY
The Cajunator,https://www.ubereats.com/store/the-cajunator/AWNiSp-JRUOc1F-HMnl_kw?diningMode=DELIVERY
Uncle Vito's Pizzeria,https://www.ubereats.com/store/uncle-vitos-pizzeria/qERUWwSjRQi3hNUbaUHJQg?diningMode=DELIVERY
Vince's Ristorante,https://www.ubereats.com/store/vinces-ristorante/XePWgPkLQ_OmxT9aL9eTew?diningMode=DELIVERY
Mongolian Fire,https://www.ubereats.com/store/mongolian-fire-1837-e-gibson-rd/VDAJZTR6SyWKEOAnGeF2jA?diningMode=DELIVERY
Luis Jr's Mexican Food,https://www.ubereats.com/store/luis-jrs-mexican-food/f8XDGiKnQ-WVf1fhRKd1rQ?diningMode=DELIVERY
Akira Coffee & Tea,https://www.ubereats.com/store/akira-coffee-%26-tea/n2RMlXCuQBqm0Bu1GCUbcw?diningMode=DELIVERY
Zebra Club,https://www.ubereats.com/store/zebra-club-1900-p-st/dLBk0KaKTGCYsJkL_sQgZg?diningMode=DELIVERY
Kabab Corner,https://www.ubereats.com/store/kabab-corner/-OMrdK0qSPuOcURmzZaFng?diningMode=DELIVERY
ACE EXPRESS,https://www.ubereats.com/store/petes-7/L4OhtUkJTv6qtJy0_fIP3A?diningMode=DELIVERY
Lotus,https://www.ubereats.com/store/lotus/PokiggCPRwaohH8GCWtSMA?diningMode=DELIVERY
Hoppy's Railyard Kitchen & Hopgarden,https://www.ubereats.com/store/hoppys-railyard-kitchen-%26-hopgarden/dfLsTopmR7Sy-tvuDxmUcA?diningMode=DELIVERY
Ink Eats & Drinks,https://www.ubereats.com/store/ink-eats-%26-drinks/terPBPiCSqSERDFugADKnA?diningMode=DELIVERY
Raja’s Tandoor,https://www.ubereats.com/store/rajas-tandoor/d_v1pGe8TR-CZzzF_Lj1vg?diningMode=DELIVERY
THE COLLECTIVE,https://www.ubereats.com/store/the-collective/oSr9iqhVQFOQznnEV40bxA?diningMode=DELIVERY
Power Bowl,https://www.ubereats.com/store/power-bowl/2ZhDBubOQwCdKYmDTtNc0Q?diningMode=DELIVERY
Taste of India,https://www.ubereats.com/store/taste-of-india-w-capital-ave/VQDzWQe8RaWCWqzTyxKUxA?diningMode=DELIVERY
Tim’s Kitchen,https://www.ubereats.com/store/tims-kitchen/El1fvDyaRw6QRNXb4aQY4Q?diningMode=DELIVERY
T4 West Sacramento,https://www.ubereats.com/store/t4-west-sacramento/nrzRIAj7Uby74DQXKHWSig?diningMode=DELIVERY
Sourdough & Co,https://www.ubereats.com/store/sourdough-%26-co/GMaFKfVFS9yMisBAfQKx7Q?diningMode=DELIVERY
University of Beer,https://www.ubereats.com/store/university-of-beer/7ycJyFnDSVSsy747obE48g?diningMode=DELIVERY
Uniboil Kitchen,https://www.ubereats.com/store/uniboil-kitchen-davis/v50r-VOXSn60pkIVuW1Tpg?diningMode=DELIVERY
Krispy Krunchy Chicken,https://www.ubereats.com/store/krispy-krunchy-chicken-300-w-street/eOgFiFrLTBGz2AzJIhRBkQ?diningMode=DELIVERY
Drake's: The Barn,https://www.ubereats.com/store/drakes%3A-the-barn/Cqg5dzQlSHu5CTpxpvaS5g?diningMode=DELIVERY
A&W,https://www.ubereats.com/store/a%26w-812-westacre-road/bSPOo7VWQ5mga0JsZ21hhQ?diningMode=DELIVERY
La Garnacha,https://www.ubereats.com/store/la-garnacha/JKN37-tqR3WmN51PqUE7TQ?diningMode=DELIVERY
Fogo de Minas Steakhouse,https://www.ubereats.com/store/fogo-de-minas-steakhouse/YvWbzxvGXPeWivKX264qBw?diningMode=DELIVERY
Vientiane Restaurant,https://www.ubereats.com/store/vientiane-restaurant-1001-jefferson-blvd/c_EmBoC3QkGXDAR5O8xeaA?diningMode=DELIVERY
Halal Falafel & Gyros,https://www.ubereats.com/store/halal-falafel-%26-gyros-el-centro-rd/w5WDXVMIWkyhyLQwto6rdA?diningMode=DELIVERY
Roman's Pizza,https://www.ubereats.com/store/romans-pizza-w-capitol-ave/wUVRp3lmXLqHrDEKibgIfQ?diningMode=DELIVERY
Queen Sheba Ethiopian Cuisine,https://www.ubereats.com/store/queen-sheba-ethiopian-cuisine/AOoEInzNT1OqthpuMMj3qA?diningMode=DELIVERY
Sol,https://www.ubereats.com/store/sol/CzQynTVkS4uzCBE1dB5aJw?diningMode=DELIVERY
Buffalo Pizza & Ice Cream Co.,https://www.ubereats.com/store/buffalo-pizza-%26-ice-cream-co/1rJn5kDAT0y0g63GXS_dwA?diningMode=DELIVERY
Manny's Pizza,https://www.ubereats.com/store/mannys-pizza/OV-udD0AS-ajd7J7czkeeg?diningMode=DELIVERY
Summer Palace Cuisine,https://www.ubereats.com/store/summer-palace-cuisine/cWrt_ZmVUByDIqA9emWFWg?diningMode=DELIVERY
New Hong Kong Wok,https://www.ubereats.com/store/new-hong-kong-wok/8e_-FwyHQSyJ_MRe_O7rHQ?diningMode=DELIVERY
Gai ‘N Rice,https://www.ubereats.com/store/gai-%E2%80%98n-rice/H5siEHuPQBe2I1yRBiPfLQ?diningMode=DELIVERY
Mayahuel,https://www.ubereats.com/store/mayahuel/I3cbv9DbSS-ZLTxlzWQQVg?diningMode=DELIVERY
Antojo Street Taco Bar,https://www.ubereats.com/store/antojo-street-taco-bar/o3KZW4zBT4ad7T2D3yCROA?diningMode=DELIVERY
Takeiros Taqueria,https://www.ubereats.com/store/takeiros-taqueria-2330-broadway/7qL_jvvaXaOJP1qTE19-0Q?diningMode=DELIVERY
Netillo's Takos,https://www.ubereats.com/store/netillos-takos/S_0E4XGnS_6d5gGlrCKC8A?diningMode=DELIVERY
Azul Mexican Food and Tequila Bar,https://www.ubereats.com/store/azul-mexican-food-and-tequila-bar/h2aGpBMMTQWRgOF5nCg7og?diningMode=DELIVERY
La Michoacana Plus,https://www.ubereats.com/store/la-michoacana-plus/Q39p3AvpQ8ORKplJgtuoRA?diningMode=DELIVERY
Midtown Sushi,https://www.ubereats.com/store/midtown-sushi/qEqol-pPQKCGhG2BB9zu_w?diningMode=DELIVERY
Roma's Pizzeria,https://www.ubereats.com/store/romas-pizzeria/Jn7CbYmdQz-V984JDt8XJQ?diningMode=DELIVERY
Pizza Cult,https://www.ubereats.com/store/pizza-cult/Zmj-qf6fTP6ISQjPukTd2Q?diningMode=DELIVERY
The Real American Roadhouse,https://www.ubereats.com/store/the-real-american-roadhouse-sacramento/lx7Vh98MQeaKmyg9ZNnDSw?diningMode=DELIVERY
GUMBO KING,https://www.ubereats.com/store/gumbo-king/KJ8eZ3zlVYmJLVqF18TZJw?diningMode=DELIVERY
Los Primoz,https://www.ubereats.com/store/los-primoz/0h0w5GLKTcGkVA5Cz9tcHA?diningMode=DELIVERY
LA PATRONA THE GOOD STUFF,https://www.ubereats.com/store/la-patrona-the-good-stuff/up8IRJ_TUPuOaqbbpVp0Ug?diningMode=DELIVERY
Blue Cue,https://www.ubereats.com/store/blue-cue/M37DIowESk-WqnU0XRMkZQ?diningMode=DELIVERY
Don Quixote's Mexican Grill,https://www.ubereats.com/store/don-quixotes-mexican-grill-3654-n-freeway-blvd/0UECxT_2TaOgHoPvCg-KrQ?diningMode=DELIVERY
Kobasic's Candies,https://www.ubereats.com/store/kobasics-candies/S6KhjMpdSdmDpZwY_YAarg?diningMode=DELIVERY
Mochinut,https://www.ubereats.com/store/mochinut-sacramento/tvq2nrKjWpmHgHz-AFstqw?diningMode=DELIVERY
Ma Sarap Food Truck,https://www.ubereats.com/store/ma-sarap-food-truck/_EgmMtIOTHWWAlJxu1DpsQ?diningMode=DELIVERY
Flakos Takos,https://www.ubereats.com/store/flakos-takos/XA0b75dzTI-yHRPPuR-NMQ?diningMode=DELIVERY
Revolution Winery & Kitchen,https://www.ubereats.com/store/revolution-winery-%26-kitchen/MtoFGO4DSy6soza6niebYg?diningMode=DELIVERY
Hea Tea,https://www.ubereats.com/store/hea-tea/zMpPOYQBSmy0TV7LHsaStw?diningMode=DELIVERY
Chang's Chinese,https://www.ubereats.com/store/changs-chinese-natomas-blvd/0cY3puDoV0KQvXBpTuWK1w?diningMode=DELIVERY
Dickey's Barbecue Pit,https://www.ubereats.com/store/dickeys-barbecue-pit-4630-natomas-blvd-ste-130/Q6MPSlOtVFqofSuZbxHoTw?diningMode=DELIVERY
Northgate Liquor & Food,https://www.ubereats.com/store/northgate-liquor-%26-food/w5bkbNNbUpCG_N-dM3yA9g?diningMode=DELIVERY
Original Pizza House,https://www.ubereats.com/store/original-pizza-house-natomas/jpxwYnlbX_yp287bdqgxWA?diningMode=DELIVERY
Dumpling House,https://www.ubereats.com/store/dumpling-house/1J-aNLdYVfeVIMMM3i-kdQ?diningMode=DELIVERY
Birria Hands,https://www.ubereats.com/store/birria-hands-1215-j-st/_nywSMSeWsWR90o4dyW7Mg?diningMode=DELIVERY
Steve's Pizza,https://www.ubereats.com/store/steves-pizza-davis/HLChap48Rm68LTjWS8lmcw?diningMode=DELIVERY
Acai Fresh,https://www.ubereats.com/store/acai-fresh/0djYWrMOU62tre8Wrgvd_w?diningMode=DELIVERY
Three Ladies Cafe,https://www.ubereats.com/store/three-ladies-cafe-g-st/2PFCwOyyVWW15hmN5bDTGQ?diningMode=DELIVERY
Peet's Coffee,https://www.ubereats.com/store/peets-coffee-davis-1020/SJ7IgtTcWua5ctic49Wu0w?diningMode=DELIVERY
Philz Coffee,https://www.ubereats.com/store/philz-coffee-davis/jvt2sQS1Tqi6DWS9YEmf8g?diningMode=DELIVERY
ProFlowers,https://www.ubereats.com/store/proflowers-1431-w-covell-blvd/1sl2T9ePV56CqsZE9UMJUA?diningMode=DELIVERY
Fish Face Poke Bar,https://www.ubereats.com/store/fish-face-poke-bar/jwyXlIFoTcugF4QO5FKyGg?diningMode=DELIVERY
Wetzel's Pretzels,https://www.ubereats.com/store/wetzels-pretzels-755-riverpoint-court-space-400/JiQfrPHFV76ya7gXC1PKvQ?diningMode=DELIVERY
Las Maracas,https://www.ubereats.com/store/las-maracas-cottonwood-st/3pF7uLV_WW254GMBu69-3w?diningMode=DELIVERY
Carnitas El Rincon- Woodland,https://www.ubereats.com/store/carnitas-el-rincon-woodland/30tXS1VGWwqrvdOs38hFag?diningMode=DELIVERY
